,name,tel_standard
0,Codilog,Pas trouvé
1,Dbv Technologies,01 55 42 78 78
2,Adoma,04 42 64 20 87
3,Constellium,04 73 55 50 50
4,Elior France,01 71 06 70 00
5,Elior France,01 71 06 70 00
6,Fnacdarty,Pas trouvé
7,Elior France,01 71 06 70 00
8,Elior France,01 71 06 70 00
9,Fives Celes,03 89 74 55 00
10,Geodis,0 892 05 28 28
11,Groupe Seb,09 64 45 94 50
12,Gefco,Pas trouvé
13,Geodis,0 892 05 28 28
14,Geodis,0 892 05 28 28
15,Qualiconsult,04 66 84 06 80
16,SGS,04 42 26 27 85
17,Sonepar Ouest,Pas trouvé
18,Adie,09 70 84 51 13
19,Alliance High Tech,04 65 26 01 70
20,Altares - Dun And Bradstreet,Pas trouvé
21,Au Forum Du Batiment,04 95 04 40 40
22,Actis Isolation,04 68 31 31 31
23,Adie,09 70 84 51 13
24,Brother France,01 49 90 60 00
25,Dufieux,Pas trouvé
26,Fdg Group,Pas trouvé
27,France Gardiennage,Pas trouvé
28,Froilabo,01 60 95 15 70
29,Fromfroid,Pas trouvé
30,Groupe Actual,04 91 62 04 95
31,Sfpi,02 99 94 04 46
32,Groupe Valeor,Pas trouvé
33,Cérélia,Pas trouvé
34,Groupe Actual,04 91 62 04 95
35,Gt Logistics,04 79 20 10 49
36,Groupe Even,02 29 62 50 00
37,I'Car Systems,Pas trouvé
38,Ideal Groupe,05 57 83 12 35
39,Icade Promotion,04 91 16 29 30
40,Icade Promotion,04 91 16 29 30
41,Sogefi Group,+44 1495 712740
42,Sogefi Group,+44 1495 712740
43,Sogefi Group,+44 1495 712740
44,Groupe Pasteur Mutualite,01 40 54 54 54
45,Leaseplan France,01 56 84 10 10
46,Manpowergroup Solutions France,01 57 66 10 00
47,Exel Industries,01 71 70 49 50
48,Faith Connexion / Groupe Allard,01 79 74 24 66
49,Euromaster Services And Management,04 73 14 39 00
50,Consuel,04 91 17 49 00
51,Quechoisir,04 91 90 05 52
52,Bdr Thermea France,05 56 11 28 00
53,Prévoir,Pas trouvé
54,Edf Renouvelables,Pas trouvé
55,Edf Renouvelables,Pas trouvé
56,Docusign,Pas trouvé
57,Ducasse Groupe,Pas trouvé
