name_org,,
1001 Cles
112hub
118 Productions
187-digital
1Callclosers
1Dakapromotions
1Waygrowth
21centralepartners
247midnightmarketing
26 Realty
2Bc Conseil
Décision Achats Magazine
2Portzamparc
360contentsolutions
40th Parallel
4Mod
4Threvolutionhr
5Xdata
7Next
83barpatientactivation
868agency
92dream
A P Aips
A Vos Cotes - Services À Domicile
A.i.r Partenaire Santé
Aaa France Cars
Aandlpartnerships
Aasset Security
Ab Conseils
Abeeway
Abeeway
Abeille Rush
Abionyx Pharma
Abodyfurniture
Abrsolutionsnc
Abus France
Acc Patrimoine
Acg Capital
Achylle
Acolad Group
Acom-Evenements
Acquisitions1
Actegy Health
Actimail Sas
Action Co
Actionaid France – Peuples Solidaires
Ad'3e Conseil
Adapei 17
Adapty
Addiplast
Additi - Groupe Sipa
Addmedianyc
Addsecure
Addvalueagency
Aden Formations
Adequation-France
Adesa Europe Nv
Adestria Consulting
Adetem
Adexsi
Adey
Adey Commercial
Adfab
Adiantis Coaching
Adidas
Adie Réunion
Adire
Adiwatt
Adm Value
Adplorer
Adplorer (Publocity France)
Adqrates
Ads Group
Adslyft
Advancedhostingteam
Advant-Media
Adventist-Association
Advizzo
Aedit
Aéroport De La Réunion Roland Garros
Aéroports De Paris
Aestheticoo
Afc La Rochelle
Afflelou Groupe
Aftertheclickss
Ag Woodstock
Agape-Studio
Agc Fiduciaire
Agco S.a.s.
Agence France Presse
Agence Règionale De Dèveloppement Economique - Franche-Comtè
Agence-Littoral
Agence-Ovb
Agenceovb
Agences-Reunies
Agencia-Ovb
Agencygrowthnow
Agencyincrease
Agencysurge
Agenor
Agexia
Agileb2bsales
Agnelli Renovation Habitat
Agnes B.
Agouragrowth
Agri Ethique
AGRIA ASSURANCE POUR ANIMAUX
Agrica Epargne
Agrosystem
Agter
Ai-Konnect
Ai-Konnect
Aimers
Air Caraïbes Atlantique
Air France Cargo
Airbus Aircraft
Airelles Development
Aist La Prevention Active
Ajd-Media
Ajinomoto Animal Nutrition Europe
Akaunto
Akka Technologies
Akzo Nobel Decorative Paints France
Al Ghassan Motors France
Alexandre De Paris
Alfa3a
Algeco Group
Algol
Alima
Alizee Advice
Aljami
All Sport Speedo
Alliancedmc
Allinproductions
Allsessions-Qvt
Allthingsmanagedwp
Almage
Alpha Match
Alphatrai-Inc
Alphonse
Alsace Conseil Courtage
Alsenam Alcen
Altenov
Alter Ego Consulting
Altir
Altitude - Groupe Coopératif Agricole Et Agro-Alimentaire Du Grand Massif Central
Altitude - Groupe Coopératif Agricole Et Agro-Alimentaire...
Aluminor
Amadajhb
Amaury Services
Amd (Aide Médicale Et Développement)
Americandebtrecovery
Amethisfinance
Amiantech
Amis Sans Frontieres (Asf)
Amlensolutions
Amor Meca
Amphitech
Amsatou
Amzpros
Analytico-App
Analytico-Ceiling
Analytico-Ideal
Ancols
Andannabike France
Andbamemail
Anderton Castings
Aniel Sas
Anjac Health & Beauty Group
Ankorstore
Anras Aide Et Protection Des Familles
Ante Certamen
Antidote - Consulting Sur Mesure
Anupa Conseil
Anytask
Anywhere365
Aoi (Aide Odontologique Internationale)
Aopartnership
Ap Management
Apajh De La Creuse
Apas 17 Service De Santé Au Travail
Apdc
Apex-Dropagency
Apex-Drops
Apexdigitalstudios
Apexdrop
Apexdropmarketing
Apexdrops-Agency
Apexinfluencermarketing
Apexplainervideos
Apij (Agence Publique Pour L'Immobilier De La Justice)
Apirjso La Couronnerie
Apostrophecopywriters
Appstangotech
April Marine
Aprr
APS
Aquae-Jewels
Aquassistance
Aquitaine Croisieres
Aquitaine Electronique
Aquitanis Oph Cub
Arac Occitanie
Aramis
Arcad Software
Arcadie
Arcady's Paris
Arcante Groupe
Arcelormittal France
Arcesi-Ea
Architectural Factory
Arcian
Arco Bâtiment
Arctec (Dépôt Sous Vide - Pvd)
Arcus Inox
Arep
Argo
Arhis
Arianegroup
Armoric Holding
Arnal
Arnal
Arno-Media
Aroohaholidays
Arrow Up Training
Arsenmail
Art & Caractere
Art-Kai
Artethic Galerie
Arteus
Articonnex
Artifakt (Recrute)
Artisenterprises
Artkaidesign
Arubanoconsulting
Arvesta
Asap Hr Group
Asavinter
Asb Aérospatiale Batterie
Asb Group
Ascanio
Ascendoutreach
ASF
Ashleymoller
Asi (Actions De Solidarité Internationale)
Aspirecend
Assary
Assistance
Assistance Vie À Domicile
Association Ancre
Association Anne Boivent
Association Des Paralysés De France (Apf)
Association Fouque
Association Gabriel Deshayes
Association Humanitaire Mékong
Association La Caravelle
Association La Roche
Association Maintenir
Association Médico Éucative Rouennaise
Association Pour Les Enfants Des Rizieres (Aper)
Association Tutelaire Des Vosges
Assurance Maladie Du Var
Astek
Astonwood
Astrid Taupin
Astro-Advertising
Asus Technology Pte. Ltd.
At Kearney
Ateliers Fouesnantais
Atlanthys
ATM
Atolia
Attorneybacklinks
Attracto
Au Domaine Des Caves
Au Soum Conseil
Aubelec
Aubron Et Mechineau
Audexiel
Audience247
Audit & Valeurs Membre Du Groupe Prieur & Associes
Audit Consultants
Audouard Voyages
Aurilis Group
Aurorady
Australie
Authentik
Authorpreneurelite
Auto Expo
Auto-Ecole.net
Auto-Nurture
Autobiz Sa
Autogrill Cote France
Automation
Automobile Club Association
Auvergne-Rhône-Alpes Tourisme
Avadel
Avadeladvertising
Avadelagency
Avadelmarketing
Avanteam
Avelia
Avenir Déconstruction
Avenir Distribution
Avenir Mutuelle
Aventi
Aviagroup Industries
Avisofi!
Avlma - Acheter Vendre Louer Maisons & Appartements
Awesm
Axa Assurcredit
Axa Direct France
Axa Life Invest
Axe Group
Axiadesignagency
Axonum Sas
Axxel Manutention
Ayala Europe
Ayinsolutions
Azzedine Alaia Sas
B.e.n. Consulting
B2bgrowthonline
B2bsoftwareleads
BA Healthcare
Babel
Babel Doc - Babel Press
Bacardi
Bacardi Martini Production
Back Market
Bahamasparadiseemail
Bakertilly Strego
Balibaris
Baluchon
Bananasmambo
Bangumi
Banque De France
Bard
Bardinet, S.a.
Baremetrics
Barilla
Barocco Communication
Baron Philippe De Rothschild France Distribution (Rfd)
Baron Philippe De Rothschild France Distribution (Rfd)
Barr-Capital
Baseballtraining
Basf Agri Production Sas
Basicblock
Basics Finance
Basso Bikes
Batei
Bâtiment Génie Civil Vendéen
Batimetal
Batiste
Baud Industries (Groupe)
BAUMERT
Bayard Presse
Bayer
Bb-A Conseil
Bcf Industries
BD
Bde Epitech Nancy
Béaba
Beau De Lomenie
Beaubidenfoundationinfo
Beaubidenfoundationlist
Bechet
Becofrance
Becton Dickinson
Beem
Beholderlabs
Beintec
Bekkouche
Beko
Bénégo
Benning
Bentin
Bernadet Construction
Bert Consultant
Bertrand Duron Constructeur
Bestheim
Bet Creative
Bettertopics
Beverly Glen Laboratories
Beylev Invest
Beyondrankingsseo
BH
Bh Technologies
BHS
Biam
Bianconiglio Kids
Bibby Factor France
Bien-Etre Assistance
Bigard
Bigbarkerpr
Billaud Segeba
Billaud-Segeba
Bio-Stéril Sa
Biocombustibles
Biocoop Sa
Biofloral
Biogen France
Biolaris - Laboratoire De Biologie Medicale
Biologique Recherche
Bip&go - Groupe Sanef
Bipa (Groupe Liebot)
Birchbox France
Birota Sas
Biscuit International
Biscuits Delacre
Bizon
Black Crows
Blackridge Group
Blackstore
Blay-Media
Blay-Media
Bleecker Group
Bleuwheelmedia
Bling-Digital
Bloomtalent
Bluebird
Bluelink
Bluesafeaustralia
Bluesafebusiness
Bluesafeservices
Bluestripe Llc
Bnic
Bnppi Residentiel
Bobion Et Joanin
Bodin Bio
Boehringer Ingelheim
Bofrost* France
Boiserie Féau & Cie
Boisset La Famille Des Grands Vins
Boisset La Famille Des Grands Vins
Boldchoice
Bolileads
Bolt
Bonjour Séville
Booking.com
Boostave
Borie-Manoux
Bos Brands
Boubet.fr
Bouchers-Services
Boughaleb
Bourg Frères
Bourgogne Repas Production
Bourse De Commerce / Collection Pinault - Paris
Bouygues Immobilier
Bouygues-Immobilier
Bow Group
Bpaassolution
Bpd Marignan
Bpi-Partner
Bpl-Gmbh
Bqse Groupe
Bradési
Braincube (Ip Leanware)
Brand Group International
Brandlight
Brandsinfocus
Brentis
Bretagne Demenagements Entreprises
Breteault
Breve-Podcast
Brian-Schatzinfo
Brian-Schatzmail
Brianonorio
Brianschatzinfo
Brianschatzlist
Brianschatzmail
Brightskies.be
Briskwiz
Brittany Ferries
Brl Avocats
Broadlinkmedia
Bronze Alu
Brouwerij Cornelissen
Brown-Forohioinfo
Brown-Forohiolist
Brown-Forohiomail
Brown-Mail-Info
Brown-Mail-List
Brown-Mailinfo
Brown-Maillist
Brownforohio-Info
Brownforohio-List
Brownforohio-Mail
Brownforohioinfo
Brownforohiolist
Brownforohiomail
Brownmail-List
Brownmailinfo
Brownmailinglist
Brownmaillist
Brunatazenner
Bsandcomarketing
Bsl (Groupe)
Btp Cfa Languedoc Roussillon
Buesa Frères
Bufap
Buildingbugs
Buildrmedia
Bumpyleads
Bureau Des Sports Extrêmes Emlyon Business School
Bureau Sully
Burgundy School Of Business - Bsb
Burgundy Wines School
Burgundyschool
Business Immo
Businessgrowers
Butterflylocal
Butterflylocal
Buy Our Side
Buyco
Buysalesdata
Buyscalesellbusiness
BWT
By Agency Design
C.s.i.
Ca Com
Cabinet Abry Coutou
Cabinet Agathe Conseil
Cabinet Exaa
Cabinet Factorhy Avocats
Cabinet Harle Et Phelip
Cabinet Lebrun Conseil
Cabinet Merlin
Cabré
Cacao De Bourgogne
Cairn-Point
Caisse Central Reassurance
Calberson Ile De France
Caliberchiro
Caliperau
Camca
Cameleon Communication
Camif-Matelsom
Camino-Gps
Campus Du Lac: Ecoles Professionnelles De La Cci De Bg
Camusocpa
Canal+
Canopypartner
Cantatahealthcare
Cap Social
Cap5
Capago International
Capaldimarketing
Capeb Loire-Atlantique
Capelli
Capfinances
Capfun By Franceloc
Capitaine Houat
Capital Energy
Cap_21 Conseil En Ressources Humaines
Caramatsas
Carbody - Bavaria Industries Group Ag
Cardinalmarketing
Careercertlearning
Cargo Loueur De Véhicules
Carmat
Carne Corp / Carne Bollente
Caroll
Carrément Bio !
Carrere-Holding
Carrier Geometres-Experts
Carro
Carro-App
Cars Faure
Cars Hangard
Cars Hangard
Carte Noire
Cartonnages-Gaultier
Casasdigitalemail
Case France Nso
Casino Restauration
Casp
Castos
Castres Equipement
Catchidigital
Catel
Catering Aerien Développement
Caussadesemencesgroup
CBA
Cci De Mayotte
Cci De Vaucluse
Cci Eurolam Group
Cci Rochefort Et Saintonge
Ccmsa
CCR
Cd(rh)
Cech- Stc Audit Et Conseil
CÈDRES INDUSTRIES
Cefem Group
Cefode (Coopération Et Formation Au Développement)
Cegeco
Ceis
Cellublue
Cemarc
Cendres+metaux France
Censio
Centrale Lille
Centrasyte
Centre Departemental De Telesurveillance Securite
Centre Hospitalier - Le Mans
Centre Hospitalier Bretagne Atlantique
Centre Hospitalier De Chartres
Centre Hospitalier De Muret
Centre Hospitalier De Saint-Quentin
Centre Hospitalier Esquirol
Centre Hospitalier Grand Fougeray
Centre Hospitalier Layon Aubance
Centre Social Et Socioculturel Les Taillis
Centre Technique Du Papier
Cesys Consulting Firm
Cetim
Cf Patrimoine
Cf2p
Cfa Blagnac
CFA VOYAGES
Cfohub
Cfsi (Comité Français Pour La Solidarité Internationale)
Cgn Europe Energy
Cgpme
Cgsh Service Europe
Chambre D'Agriculture De Haute-Saône
Chambre De Commerce Et D'Industrie De Paris Val-De-Marne
Chambre De Commerce Et D'Industrie De Règion Haute-Normandie
Chambre De Commerce Et D'Industrie Du Var
Chambre De Metiers Et De L'Artisanat De L'Indre
Chambre Regionale De Metiers Et De L'Artisanat Auvergne-Rhone-Alpes
Champagne Chanoine Freres- Groupe Lanson-Bcc
Champagne Palmer & Co
Champagnepalmer
Champagnepc
Champlist
Chapiteaux-Pouillot
Chapsol
Charbonneaux-Brabant
Chatbotms
Chateau Cambon La Pelouse
Chateau Cambon La Pelouse
Chateau De Heaas
Château Giscours
Château Lafite Rothschild
Château Lanessan
Château Lanessan
Chateau Moncontour- Vignobles Feray
Chaussexpo
Chayall
Cheetah-Email
Cheminées Philippe
Chiri
Chirurgie Solidaire
Chromaco
Ci-Systems
Cibleo
Cie Internationale André Trigano
Cierralueckconsulting
Cil4sys Engineering
Cilas
Cipac Groupe
Ciprés Assurances
Circ
Circle 4 Labs
Circus Casino France
Cite De L'Architecture Et Du Patrimoine
Cité Des Congrès De Nantes
Citram Aquitaine
Citytechwebdesigns
Citytechwebsitedesign
Cityzens Factory
Clamageran
Clamart Habitat
Claritywave
Clemessy
Clerbout
Clergerie
Clesse Industries
Climatpur
Climb Up
Clinique Chirurgicale Porte Océane
Clinique Eiffel Carré D'Or
Clinique Herbert
Clinique Saint Joseph
Clinkast - Management Consulting And Operational Strategy
Clm Bbdo
Cme-Formations
Cna Hardy
Cnajep
Cniel
Cnj-Group
Cnosf
Cnosf
Cnpg Conseil Rh
Coachesclinic
Cocorico.store
Codecrew-Us
CODESIGN-IT
Codoc
Cofaq
Coffres Forts Caradonna
Cofigeo
Cogelec Intratone
Cogep
COL
Colart Le Mans
Coldcourrier
Coldemailalchemist
Coldemailchampions
Coldemailcharisma
Coldemaildragons
Coldemailsidekicks
Coldmailagent
Coldmailmasters
Coldwaterecommerce
Colibree
Com'Plus
Com'Sg - Cercle Des Office Managers Et Secrétaires Généraux De Cabinets D'Avocats
Comatelec Schreder
Combo Solutions
Comeen
Comely
Comite Regional Sports Pour Tous Ile-De-France
Comlev
Commerceconvertpr
Commercialconceptsllc
Commissariat À L'Énergie Atomique
Commongoodcleaning
Communauté D'Agglomération Du Grand Sénonais - Ville De Sens
Communauté D'Agglomération Du Pays De Grasse
Communaute D'Agglomeration Riom Limagne Et Volcans
Communaute De Communes De Bievre Est
Communaute De Communes De La Picardie Verte
Communaute De Communes De Petite Camargue
Communauté De Communes Du Pays De Gex
Communaute De Communes Gally Mauldre
Communauté De Communes Loches Sud Touraine
Communauté De Communes Macs
Communauté De Communes Moselle Et Madon
Communauté De Communes Rhône Crussol
Commune De Ermont
Commune De Le Mene
Commune De Megève
Commune De Noisy Le Grand
Commune De Ramonville Saint Agne
Commune De Saint-Julien De Concelles
Compagnie Des Fromages & Richesmonts
Compagnie Des Ports Du Morbihan
Compagnie Des Transports Strasbourgeois
Compagnie Francaise Des Grands Vins
Compagnie Industrielle Maritime
Compagnie Privée
Complexio
Comptoirdesfilles
Computerguylogan
Computermanlb
Comunaute De Communes Coeur Du Pays Haut
Comuto Sa
Concertive
Concretecalls
Conectis
Connect-Os
Connectyou
Conseil General De L'Environnement Et Du Developpement Durable
Conseil Régional D'Ile-De-France
Conseil Supérieur Du Notariat
Constellacom
Construction Millet Bois
Constructions Dasse
Constructions Mecaniques De Normandie
Constructions Métalliques Roger Delatt
Consulate General Of France In Hong Kong And Macau
Consultaing Services
Consultant Formateur
Contactbellarosa
Continental Pharmaceutique
Convelio
Convert-Mind
Convertingmarketingleads
Convertsuite
Convivio-Evo
Coopérative Des Producteurs Légumiers - Rosée Des Champs
Cooperative U Enseigne
Coopiris
Cop.copine Officiel
Copark
Coprecs
Copycake
Copyellement
Cordia
Corep Lighting
Corexpert
Corigan
Corse Propreté I And Co
Coservit
Cotelac
Cotyinc
Coupe Fils
Courtafidis
Courteix Bâtiment
Covenantmediaroofing
Coverdale France
Coverguard
Coworklib
Cpme Des Pyrénées-Atlantiques
Cpms - Centre De Prã©voyance Mã©dico-Sociale
Crazyleadsapp
Createmydynasty
Creatity
Creative Commerce Partners
Creatorstraining
Crèdit Agricole Loire Haute Loire
Crispycoldemail
Croftenterprises-T
Croix Rouge
Crous Lyon
Crowe Rsa
Crowmediagroup
Crystalmarketing
Crystalplacement
Ctbr
Cube Bikes France
Cuisines Références
Cuppens
Cuspide
Cutcutcraft
Cvfisher
Cvikingsoutreach
Cwp-Wealth
Cybervypr
Cyclocity
Cyclocity
Cyrillus
Cyvbgroup
D&A
D1coldemailer
D2si
Daf Direct
Dagobert
Dailycer
Dalecarnegie-Sudouest
Dammann Freres
Dan Paris
Daniel Féau Conseil Immobilier
Darag Italia S.p.a
Dargaud-Lombard
Daron Groupe
Dashword
Dassault Falcon Service
Datasalesscience
Datly
Daudruy Van Cauwenberghe S.a.
Daudruy Van Cauwenberghe S.a.
Davevalentine
Davidguymarketing
Davidguymedia
Dayaema
Dbep
Dcm Usimeca Atn
Dcube
De Buyer Industries
De Medicis
De Sangosse
De Sangosse Sa
De Sousa Frères Décoration
Debs
Decisions Made Easy
Decotec
Dedalus
Defi 12 Sas
Défi Belgique Afrique
Deftconsult
Dekker
Delacommune Et Dumont
Delannoy Dewailly Entreprise
Delmon Group
Delta-Neu
Deltaneo
Demeco Entreprises By Euroflash
Democracy-Matters
Democrats
Dentmaster
Departement De La Haute-Savoie
Département Seine Saint Denis
Des Systemes Et Des Hommes
Descamps Lombardo
Descote S.a.s.
Descours Et Cabaud
Design Labs Llc
Desklabmonitor
Desm-One
Detachement D'Intervention Contre Les Catastrophes Et De Formation De La Federation Francaise De Secours Et De Securite (Dicaf Ffss)
Detroit
Dév. & Strat France
Devcot
Development Institute International
Deville Rectification
Dexxon
Dfd-Dense Fluid Degreasing
Dgg E.v. - German Ehealth Association
Dgm Veron Grauer Sa
Diabeticbuybacks
Diam-Bouchage
Diamantsetcarats
Dichacisou
Diebolt
Digiceptual
Digie247
Digigram
Digilor
Digirecs
Digit Re Group
Digitaform
Digitalapexinc
Digitalent
Digitalnomadlife
Digiteers-Luing
Digiteers-Lunga
Digiteers-Mull
Digiterio
Digiteyes
Dinac
Diota
Dir Est
Direction Departementale Territoires
Direction Generale Du Credit Agricole Des Cotes D'Armor
Dirigeants Commerciaux De France
Diruy
Diruy
Dis'Info
Disneyland Paris
Distillerie Tessendier
Distinctvisionteam
Distribution De Materiaux Pour Les Travaux Publics - D.m.t.p
Diva Bordeaux
Divertcity - Entreprise Adaptée
Dixi Microtechniques
Dixneuf
Djaba
Dls - Diligence Location & Services
Dltify
Dna Script
Dna325
Docapost Applicam
Docent
Docks 40
Dolmen
Domendi
Domicile 90
Domplus
Domtom Distripro
Domtom-Distripro
Donfluentoutreach
Doriseng
Dornfeld
Dotconferences
Doublet Sa
Dourmap
Dovema - Gsm55
Dowel
Doyonowo
Drassociates-Antilles
Drdh
Dreampress.com/editions Bragelonne
Drive-Growth
Drl Conseil
Drone-Future
Drsm Centre
Dtcecommerce
Dualis
Dubois Consulting
Dubrac Tp
Dumouchel
Dupont
Duval Traiteur
Dvibigdata
Dynamai
Dynamismconsulting
Dynastyconsulting
E-Commerce Nation
E-Compeak
E-Comwave
E-Leclerc
E-Leclerc
E-Shop Comptoir Des Filles
E/00a1f845-Ef13-47b8-9d15-5f661bb7911f/inbox/session_d6d161fb-7643-44c0-B072-3a46c009ac46/]
EAG
Easy Park Pl
Easyconsult
Easycryo
Easyteacherworksheets
Eatlocalmarketing
Eau Du Grand Lyon, Une Societe Veolia
Ebizuniverse
ECA
Eca Robotics
Ecaut Ecole De Production
Ecential Robotics
Echame
Echosens
Echurchgrowth
Eco-Bridge
Ecolab France
Ecole Centrale De Marseille
Ecole De Condé
Ecole Nationale Supérieure De Géologie
Ecole Polytechnique
ECOLE POLYTECHNIQUE EXECUTIVE EDUCATION
Ecole Pratique De Service Social (Epss)
Ecole Supérieure D'Art Et De Design Marseille Mediterranée
Ecomcfos
Ecomdigitall
Ecomemailstudio
Ecominflux
Ecommailsharks
Ecommercemailagents
Ecommgrowthgroup
Economat Des Armées
Economie Mixte Amenagem Gestion Nanter
Ecosun
Ecosys
Ecotri
Ecovolution Initiatives
Ecpat France
Ecureuil Vie Developpement
Ed-Onlinemarketing
Edeis
Eden-Park
Edf Renouvelables
Edgar Avocats
Ediciones Conde Nast Sa
Edifi
Edilians
Edinstitut
Edinstitut
Editions Du Boisbaudry
Edmond De Rothschild Asset Management
Edostar Group
Edpnet
Eduardklein
Effbe-Gamma Sas
Effishare
Effisoft-Group
Eg + Worldwide
Eg Labo
Egbi Perrin
Egger Panneaux Et Decors
Egide Group
Egypavocats
Ehpad Isac De Rohan
Ehpad La Médiévale Argentée
Ei Groupe
Eichoumarketing
Eiffage Immobilier
Eighty-Eight
Eitan Group
Eiver Corp
Ekino
Élan Créateur
Elastopôle - Pôle De Compétitivité
Elaut Group
Electricité Générale Appliquée
Electrification Industrielle De L'Est
Elekto Industrie - Electronique Industrielle
Elektra Ev
Elephant At Work
Elephant Technologies
Elevate Leadership
Elfine Bio
Elioca
ELITYS CONSULTING
Ellers By Aege Groupe
Ellipse Projects Sas
Ellipsis Am (Exane Group)
Elmatica As
Elo Touch Solutions
Elodea Ecosystem
Elvtmarketingsolutions
Elvup
Elysèes Consultants
Elys�es Marbeuf
Emagine France
Email4com
Emailaloe
Emaildragons
EMC
Emc!
Emc!
Emergences Co- Emergences Sante Conseil
Emi (Entraide Médicale Internationale)
Emilfrey
Emouna Diamonds
Emtslab
En Recherche Active
En Recherche D'Emploi
En-Vo
Enaxion
Enc Group Ecoles Nantaises De Commerce - Enacom - Ensec - Encia Cfp Enc- Nantes