,Unnamed: 0,Unnamed: 0.1,Unnamed: 0.1.1,name,siren,in pipe ?,web,ban,linke
0,0,0,0,AFER,830237988,Not in Pipe,https://www.afer.fr/,False,https://fr.linkedin.com/company/afer-asso
1,1,1,1,CARTE BLANCHE PARTENAIRES,379301518,Not in Pipe,http://www.carteblanchepartenaires.fr/,False,https://fr.linkedin.com/company/carteblanchepartenaires
2,2,2,2,BOUYGUES CONSTRUCTION,552045999,In Pipe,https://www.bouygues-construction.com/,False,https://fr.linkedin.com/company/bouygues-construction
3,3,3,3,SCOR,799142773,Not in Pipe,https://www.scor.com/fr/conditions-mentions-legales,False,https://fr.linkedin.com/company/scor
4,4,4,4,SOLUCIA PROTECTION JURIDIQUE,481997708,Not in Pipe,https://soluciapj.fr/,False,https://fr.linkedin.com/company/solucia-protection-juridique
5,5,5,5,CBP FRANCE,431402155,Not in Pipe,https://www.cbp-group.com/,False,https://fr.linkedin.com/company/cbpfrance
6,6,6,6,GROUPE MACIF,334062288,Not in Pipe,https://www.macif.fr/assurance/le-groupe-macif,False,https://www.linkedin.com/company/groupemacif
7,7,7,7,AVIVA FRANCE,384634234,Not in Pipe,https://www.aviva.fr/espaceclient/MonCompte/Inscription/Recherche,False,https://fr.linkedin.com/company/aviva-plc
8,8,8,8,CARAC MUTUELLE D'EPARGNE ET DE RETRAITE,326592268,Not in Pipe,https://www.carac.fr/,False,https://fr.linkedin.com/company/mutuelle-epargne-retraite-prevoyance-carac
9,9,9,9,GROUPE BURRUS,843961129,Not in Pipe,https://salpa.fr/le-groupe/,False,https://fr.linkedin.com/company/groupe-burrus
10,10,10,10,MGEN,839162922,Not in Pipe,http://www.mgen.fr/,False,https://fr.linkedin.com/company/mgen
11,11,11,11,LA MUTUELLE GENERALE,775685340,In Pipe,https://www.lamutuellegenerale.fr/,False,https://fr.linkedin.com/company/la-mutuelle-g-n-rale
12,12,12,12,MGEN,839162922,Not in Pipe,http://www.mgen.fr/,False,https://fr.linkedin.com/company/mgen
13,13,13,13,SOFAXIS,389430265,Not in Pipe,https://www.sofaxis.com/,False,https://www.linkedin.com/company/sofaxis
14,14,14,14,CREDIT AGRICOLE ASSURANCES,451751564,Not in Pipe,https://www.credit-agricole.fr/,False,https://fr.linkedin.com/company/credit-agricole-assurances
15,15,15,15,JOUVE,842337867,Not in Pipe,https://www.jouve.com/,False,https://fr.linkedin.com/company/jouve-fr
16,16,16,16,MAE MUTUELLE ASSURANCE EDUCATION,380533612,Not in Pipe,http://www.mae.fr/,False,https://fr.linkedin.com/company/mutuelle-assurance-de-l%27education
17,17,17,17,MONDIAL ASSISTANCE FRANCE,351431937,Not in Pipe,https://assistance-sinistre.fr/mondial-assistance/,False,https://fr.linkedin.com/company/mondial-assistance-s.a.s.
18,18,18,18,GROUPE RELYENS,812594489,Not in Pipe,https://www.relyens.eu/fr,False,https://www.linkedin.com/company/relyens
19,19,19,19,RMA - RESSOURCES MUTUELLES ASSISTANCE,444269682,In Pipe,http://www.ressources-mutuelles-assistance.fr/,False,https://www.linkedin.com/company/rma-ressources-mutuelles-assistance
20,20,20,20,SAINT-CHRISTOPHE ASSURANCES,555850411,Not in Pipe,https://www.saint-christophe-assurances.fr/,False,https://fr.linkedin.com/company/saint-christophe-assurances
21,21,21,21,MAAF,881766844,Not in Pipe,https://www.maaf.fr/fr/assurance,False,https://www.linkedin.com/company/maaf
22,22,22,22,PRO BTP GROUPE,880245311,Not in Pipe,erreur,False,https://fr.linkedin.com/company/pro-btp-groupe
23,23,23,23,HDI GLOBAL SE,478913882,Not in Pipe,https://www.hdi.global/fr/fr/about-us/about-us,False,https://fr.linkedin.com/company/hdiglobal-se
24,24,24,24,MARFRET,340915198,Not in Pipe,https://www.marfret.fr/,False,https://fr.linkedin.com/company/marfret
25,25,25,25,MMA ASSURANCES,555850411,Not in Pipe,https://www.mma.fr/,False,https://fr.linkedin.com/company/mma-insurance
26,26,26,26,SOLUCIA PROTECTION JURIDIQUE,481997708,Not in Pipe,https://soluciapj.fr/,False,https://fr.linkedin.com/company/solucia-protection-juridique
27,27,27,27,GIE AFER,809128028,Not in Pipe,https://www.afer.fr/afer/partenaires/gie-afer/,False,https://fr.linkedin.com/company/gie-afer
28,28,28,28,FIGEAS SA,790580146,Not in Pipe,https://fr.kompass.com/c/figeas-sa/ch161290/,True,https://fr.linkedin.com/company/figeas-sa
29,29,29,29,IDEMIA,340709534,In Pipe,https://www.idemia.com/fr,False,https://fr.linkedin.com/company/idemiagroup
30,30,30,30,ELEX,882638117,Not in Pipe,https://www.elex.fr/,False,https://fr.linkedin.com/company/elex
31,31,31,31,MUTUELLE ENTRAIN,775558778,Not in Pipe,https://www.mutuelle-entrain.fr/,False,https://fr.linkedin.com/company/mutuelle-entrain
32,32,32,32,UNMI - UNION NATIONALE MUTUALISTE INTERPROFESSIONNELLE,400423364,Not in Pipe,http://www.unmi.eu/,False,https://www.linkedin.com/company/unmi---union-nationale-mutualiste-interprofessionnelle
33,33,33,33,MONCEAU ASSURANCES,555850411,Not in Pipe,https://www.monceauassurances.com/,False,https://fr.linkedin.com/company/monceau-assurances
34,34,34,34,APICIL,789861143,Not in Pipe,https://mon.apicil.com/,False,https://www.linkedin.com/company/apicil
35,35,35,35,MALAKOFF MEDERIC HUMANIS,853995249,Not in Pipe,http://www.malakoffmederic.com/index.jsp/particuliers/retraite-epargne/index.jsp,False,https://fr.linkedin.com/company/mmhumanis
36,36,36,36,EOVI MCD MUTUELLE,317442176,Not in Pipe,erreur,False,https://fr.linkedin.com/company/eovi-mcd
37,37,37,37,AGPM,810204552,Not in Pipe,http://www.agpm.fr/,False,https://fr.linkedin.com/company/agpm
38,38,38,38,COFACE,851127142,Not in Pipe,https://www.coface.fr/,False,https://www.linkedin.com/company/coface
39,39,39,39,MEDICIS,849040720,Not in Pipe,https://medicys.fr/,False,https://fr.linkedin.com/company/medicis
40,40,40,40,ACE EUROPE,063503072,Not in Pipe,https://www.europages.fr/ACE-EUROPEAN-GROUP-LIMITED/BEL002437-00101.html,False,https://fr.linkedin.com/company/ace-europe
41,41,41,41,VERLINGUE,342229499,Not in Pipe,https://www.verlingue.fr/,False,https://fr.linkedin.com/company/verlingue
42,42,42,42,CREDIT AGRICOLE ASSURANCES,451751564,Not in Pipe,https://www.credit-agricole.fr/,False,https://fr.linkedin.com/company/credit-agricole-assurances
43,43,43,43,RELYENS,812594489,Not in Pipe,https://www.relyens.eu/fr,False,https://fr.linkedin.com/company/relyens
44,44,44,44,GROUPE MACIF,334062288,Not in Pipe,https://www.macif.fr/assurance/le-groupe-macif,False,https://www.linkedin.com/company/groupemacif
45,45,45,45,GENERALI,510112352,Not in Pipe,https://www.generali.fr/,False,https://fr.linkedin.com/company/generali
46,46,46,46,PREVOIR,390549715,Not in Pipe,https://www.prevoir.com/,False,https://www.linkedin.com/company/prevoir
47,47,47,47,GROUPE VYV,532661832,In Pipe,https://www.groupe-vyv.fr/,False,https://fr.linkedin.com/company/groupe-vyv
48,48,48,48,BS COURTAGE ASSURANCE,817847650,Not in Pipe,http://www.bs-conseil-courtage.com/,False,https://ch.linkedin.com/company/bs-&-associes-sa
49,49,49,49,MUTUELLE VIASANTE,777927120,Not in Pipe,https://www.mutuelle-viasante.fr/recrutement/s00lj2,False,https://fr.linkedin.com/company/mutuelle-viasante
50,50,50,50,GROUPE VYV,532661832,In Pipe,https://www.groupe-vyv.fr/,False,https://fr.linkedin.com/company/groupe-vyv
51,51,51,51,SOCIETE GENERALE ASSURANCES,555850411,Not in Pipe,https://www.assurances.societegenerale.com/fr/,False,https://fr.linkedin.com/company/societe-generale-assurances
52,52,52,52,METLIFE,722092368,Not in Pipe,https://www.metlife.fr/assurance-prevoyance/,False,https://fr.linkedin.com/company/metlife
53,53,53,53,COVEA,843198433,Not in Pipe,https://www.covea.eu/fr/actualites/nos-articles/covea-finance-devoile-son-nouveau-site-internet,False,https://www.linkedin.com/company/groupecovea
54,54,54,54,GALIAN,852299031,Not in Pipe,https://www.galian.fr/,False,https://fr.linkedin.com/company/galian
55,55,55,55,CELSIDE INSURANCE,847926516,Not in Pipe,https://www.celside.com/fr-be/,False,https://fr.linkedin.com/company/celside-insurance
56,56,56,56,MALAKOFF MEDERIC HUMANIS,853995249,Not in Pipe,http://www.malakoffmederic.com/index.jsp/particuliers/retraite-epargne/index.jsp,False,https://fr.linkedin.com/company/mmhumanis
57,57,57,57,CCR GROUPE - CAISSE CENTRALE DE REASSURANCE,300345436,Not in Pipe,https://www.ccr.fr/,False,https://fr.linkedin.com/company/ccr-caisse-centrale-de-reassurance
58,58,58,58,MALAKOFF MEDERIC HUMANIS,853995249,Not in Pipe,http://www.malakoffmederic.com/index.jsp/particuliers/retraite-epargne/index.jsp,False,https://fr.linkedin.com/company/mmhumanis
59,59,59,59,MERCER,800529422,Not in Pipe,https://www.mercer.fr/,False,https://fr.linkedin.com/company/mercer
60,60,60,60,MALAKOFF MEDERIC HUMANIS,853995249,Not in Pipe,http://www.malakoffmederic.com/index.jsp/particuliers/retraite-epargne/index.jsp,False,https://fr.linkedin.com/company/mmhumanis
61,61,61,61,GENERALI,510112352,Not in Pipe,https://www.generali.fr/,False,https://fr.linkedin.com/company/generali
62,62,62,62,CGPA,845113059,Not in Pipe,https://www.cgpa.fr/,False,https://fr.linkedin.com/company/cgpa
63,63,63,63,APICIL,789861143,Not in Pipe,https://mon.apicil.com/,False,https://www.linkedin.com/company/apicil
64,64,64,64,ADREA MUTUELLE,311799878,In Pipe,https://www.adrea.fr/,False,https://fr.linkedin.com/company/adrea-mutuelle
65,65,65,65,QUARTUS,447983933,Not in Pipe,https://groupe-quartus.com/,False,https://fr.linkedin.com/company/quartus
66,66,66,66,GENERALI,510112352,Not in Pipe,https://www.generali.fr/,False,https://fr.linkedin.com/company/generali
67,67,67,67,AVIVA,840256432,Not in Pipe,https://www.aviva.fr/conseils-en-assurance/mes-demarches/espace-client-Aviva-et-moi.html,False,https://fr.linkedin.com/company/aviva-plc
68,68,68,68,MUTUELLE INTEGRANCE  GROUPE APICIL,340359900,In Pipe,erreur,False,https://www.linkedin.com/company/mutuelleintegrance
69,69,69,69,SOLEAS COURTAGE,487702334,Not in Pipe,https://www.soleas.fr/,False,https://fr.linkedin.com/company/soleas-courtage
70,70,70,70,EOVI MCD MUTUELLE,317442176,Not in Pipe,https://www.espace-particuliers.eovi-mcd-mutuelle.fr/login,False,https://fr.linkedin.com/company/eovi-mcd
71,71,71,71,SADA ASSURANCES,555850411,Not in Pipe,http://www.sada.fr/,False,https://fr.linkedin.com/company/sada-assurances
72,72,72,72,LA FRANCE MUTUALISTE,335043147,Not in Pipe,https://www.la-france-mutualiste.fr/,False,https://fr.linkedin.com/company/la-france-mutualiste
73,73,73,73,SANTEVET,418698445,Not in Pipe,erreur,False,https://www.linkedin.com/company/sant-vet
74,74,74,74,COFACE,851127142,Not in Pipe,https://www.coface.fr/,False,https://www.linkedin.com/company/coface
75,75,75,75,GROUPE B2V,529211997,Not in Pipe,https://www.b2v.fr/le-groupe-b2v,False,https://fr.linkedin.com/company/b2v-group
76,76,76,76,GROUPE SMA,421108697,In Pipe,https://www.groupe-sma.fr/SGM/jcms/jizhrect_26053/fr/mentions-legales,False,https://fr.linkedin.com/company/groupe-sma
77,77,77,77,SOLIDARIS NAMUR,497602391,Not in Pipe,http://www.solidaris.be/Namur,False,https://fr.linkedin.com/company/solidaris-mutualit%C3%A9-province-de-namur
78,78,78,78,FRANCE MUTUELLE,800820029,Not in Pipe,https://www.francemutuelle.fr/,False,https://fr.linkedin.com/company/la-france-mutualiste
79,79,79,79,SPB GROUP,853217503,Not in Pipe,https://www.spb.eu/fr/,False,https://fr.linkedin.com/company/spb-group
80,80,80,80,HANNOVER RE,323401034,Not in Pipe,https://www.hannover-re.com/,False,https://fr.linkedin.com/company/hannover-re
81,81,81,81,GRAS SAVOYE,311248637,In Pipe,https://espace-client.grassavoye.com/,False,https://fr.linkedin.com/company/gras-savoye
82,82,82,82,GROUPAMA,315213751,Not in Pipe,https://www.groupama.fr/,False,https://fr.linkedin.com/company/groupama
83,83,83,83,GROUPE MNCAP,794122465,Not in Pipe,https://www.mncap.fr/,False,https://www.linkedin.com/company/gieozy
84,84,84,84,INNOHA,533539797,In Pipe,http://innoha.com/,False,https://fr.linkedin.com/company/innoha-consulting
85,85,85,85,CANSSM,784621351,Not in Pipe,https://www.secumines.org/,False,https://fr.linkedin.com/company/identites-mutuelle
86,86,86,86,BALOO,848792735,Not in Pipe,https://www.baloo-gestion.fr/,False,https://fr.linkedin.com/company/baloo
87,87,87,87,CLUB IDENTICAR,507621043,Not in Pipe,https://www.club-identicar.com/,False,https://www.linkedin.com/company/club-identicar
88,88,88,88,ADIS,877601716,Not in Pipe,http://www.gie-adis.fr/,False,https://fr.linkedin.com/company/adis-assurances
89,89,89,89,SMABTP,341072668,Not in Pipe,https://groupe-sma.fr/,False,https://fr.linkedin.com/company/sma-btp
90,90,90,90,EUROP ASSISTANCE LA TELEASSISTANCE,453798647,Not in Pipe,erreur,False,https://www.linkedin.com/company/europ-assistance-la-t%C3%A9l%C3%A9assistance
91,91,91,91,QBE INSURANCE,789309168,Not in Pipe,https://qbefrance.com/,False,https://fr.linkedin.com/company/qbe
92,92,92,92,KLESIA,822768941,Not in Pipe,https://www.klesia.fr/accedez-votre-espace-client,False,https://fr.linkedin.com/company/klesia
93,93,93,93,INSTITUT MGEN LA VERRIERE,814650446,Not in Pipe,http://www.mgen-laverriere.fr/,False,https://tz.linkedin.com/company/mgen
94,94,94,94,,880152566,Not in Pipe,https://www.nana.fr/,False,https://www.linkedin.com/company/nan
95,95,95,95,VERLINGUE,342229499,Not in Pipe,https://www.verlingue.fr/,False,https://fr.linkedin.com/company/verlingue
96,96,96,96,MAPFRE WARRANTY,442182622,Not in Pipe,https://www.mapfre-warranty.com/login.aspx?cdPais=9,False,https://fr.linkedin.com/company/mapfre.warranty
97,97,97,97,ADREA MUTUELLE,311799878,In Pipe,https://www.adrea.fr/,False,https://fr.linkedin.com/company/adrea-mutuelle
98,98,98,98,CARDIF IARD,824686109,Not in Pipe,https://www.cardif.fr/espace-client,False,https://www.linkedin.com/company/lecho-touristique
99,99,99,99,GROUPE IRCEM,430206581,Not in Pipe,https://www.ircem.com/,False,https://fr.linkedin.com/company/groupe-ircem
100,100,100,100,AON FRANCE,387598303,Not in Pipe,https://www.aon.com/france/default.jsp,False,https://fr.linkedin.com/company/aon
101,101,101,101,AFER,830237988,Not in Pipe,https://www.afer.fr/,False,https://fr.linkedin.com/company/afer-industrie
102,102,102,102,MALAKOFF MEDERIC HUMANIS,853995249,Not in Pipe,http://www.malakoffmederic.com/index.jsp/particuliers/retraite-epargne/index.jsp,False,https://fr.linkedin.com/company/mmhumanis
103,103,103,103,GROUPE PREVOIR,329223952,Not in Pipe,https://www.prevoir.com/,False,https://www.linkedin.com/company/prevoir
104,104,104,104,GROUPE UNEO,792631954,Not in Pipe,https://www.groupe-uneo.fr/,False,https://fr.linkedin.com/company/mutuelleuneo
105,105,105,105,EQUAD RCC,317780153,In Pipe,https://www.equad.fr/,False,https://www.linkedin.com/company/equadrcc
106,106,106,106,ALAPONT GROUP,381026400,Not in Pipe,https://alapont.com/fr/,False,https://fr.linkedin.com/company/grupo-alapont
107,107,107,107,IDENTITES MUTUELLE,379655541,Not in Pipe,erreur,False,https://fr.linkedin.com/company/identites-mutuelle
108,108,108,108,OPPBTP,error,In Pipe,https://www.oppbtp.com/,False,https://fr.linkedin.com/company/oppbtp
109,109,109,109,MUTUELLE DES ARCHITECTES FRANÇAIS ASSURANCES,477672646,Not in Pipe,erreur,False,https://fr.linkedin.com/company/mutuelle-des-architectes-fran%C3%A7ais-assurances
110,110,110,110,GMF ASSURANCES - GROUPE COVEA,398972901,Not in Pipe,https://www.gmf.fr/qui-sommes-nous/portrait/covea,False,https://www.linkedin.com/company/groupe-gmf
111,111,111,111,ACTA ASSISTANCE,851243766,Not in Pipe,https://www.acta-assistance.com/,False,https://www.linkedin.com/company/acta-assistance
112,112,112,112,DIRECT ASSURANCE,525398830,Not in Pipe,https://www.direct-assurance.fr/,False,https://fr.linkedin.com/company/direct-assurance
113,113,113,113,AXA,799754072,Not in Pipe,https://www.axa.fr/,False,https://fr.linkedin.com/company/axa
114,114,114,114,I2C CONSTRUCTION,808242499,Not in Pipe,https://www.i2c-construction.com/,False,https://www.linkedin.com/company/i2c--ing%C3%A9nerie-construction-coordination
115,115,115,115,KLESIA,822768941,Not in Pipe,https://www.klesia.fr/accedez-votre-espace-client,False,https://fr.linkedin.com/company/klesia
116,116,116,116,GROUPAMA,315213751,Not in Pipe,https://www.groupama.fr/,False,https://fr.linkedin.com/company/groupama
117,117,117,117,IFFPF,410457378,Not in Pipe,http://institut-du-funeraire.com/,False,erreur
118,118,118,118,ACORIS MUTUELLES,780004099,Not in Pipe,erreur,False,https://fr.linkedin.com/company/acoris-mutuelles
119,119,119,119,MUTUELLE PREVIFRANCE,776950669,Not in Pipe,erreur,False,https://fr.linkedin.com/company/mutuelleprevifrance
120,120,120,120,AMPLI MUTUELLE,390815710,Not in Pipe,https://www.ampli.fr/,False,https://fr.linkedin.com/company/ampli-mutuelle
121,121,121,121,MUTUELLES DU SOLEIL,782649883,Not in Pipe,https://www.mutuellesdusoleil.fr/,False,https://www.linkedin.com/company/mutuelles-du-soleil
122,122,122,122,GROUPE AGPM,834846099,Not in Pipe,https://www.groupe-agpm.fr/,False,https://fr.linkedin.com/company/groupe-agpm
123,123,123,123,SPB GROUP,853217503,Not in Pipe,https://www.spb.eu/fr/,False,https://fr.linkedin.com/company/spb-group
124,124,124,124,ALG ATTESTATION LEGALE,852152222,Not in Pipe,https://www.attestationlegale.fr/,False,https://www.linkedin.com/company/alg-attestation-legale
125,125,125,125,HISCOX ASSURANCES FRANCE,401121090,Not in Pipe,https://www.hiscox.fr/,False,https://fr.linkedin.com/company/hiscox-assurance
126,126,126,126,AUDIENS,884651795,Not in Pipe,https://www.audiens.org/,False,https://fr.linkedin.com/company/audienscdp
127,127,127,127,AWP FRANCE,381895127,Not in Pipe,https://www.franceinter.fr/theme/internet,False,https://fr.linkedin.com/company/allianz-worldwide-partners
128,128,128,128,FILHET-ALLARD,464201243,In Pipe,https://www.filhetallard.com/,False,https://fr.linkedin.com/company/filhet-allard
129,129,129,129,ALPTIS ASSURANCES,335244489,Not in Pipe,https://www.alptis.org/,False,https://fr.linkedin.com/company/alptis
130,130,130,130,HENNER,323377739,Not in Pipe,http://www.henner.com/private/fr,False,https://fr.linkedin.com/company/groupe-henner
131,131,131,131,APRIL,850833641,Not in Pipe,https://www.april.fr/,False,https://fr.linkedin.com/company/april-assurances
132,132,132,132,MSSA,410219042,Not in Pipe,https://www.msa.fr/lfy/espace-prive,False,https://fr.linkedin.com/company/mssa
133,133,133,133,COVEA,843198433,Not in Pipe,https://www.covea.eu/fr,False,https://www.linkedin.com/company/groupecovea
134,134,134,134,INTER MUTUELLES HABITAT,494671795,Not in Pipe,https://imahabitat.eu/,False,https://fr.linkedin.com/company/inter-mutuelles-habitat
135,135,135,135,THEOREME,802163394,Not in Pipe,http://www.theoreme.fr/fr/,False,https://fr.linkedin.com/company/th%C3%A9or%C3%A8me-courtier-d'assurance
136,136,136,136,GROUPE SATEC,410649149,Not in Pipe,https://www.satecassur.com/,False,https://fr.linkedin.com/company/groupe-satec
137,137,137,137,APREVA,428419717,Not in Pipe,https://www.apreva.fr/,False,https://fr.linkedin.com/company/apreva-mutuelle
138,138,138,138,LA MUTUELLE DES ETUDIANTS (LMDE),811352095,Not in Pipe,https://www.lmde.fr/,False,https://fr.linkedin.com/company/lmde
139,139,139,139,AXA,799754072,Not in Pipe,https://www.axa.fr/,False,https://fr.linkedin.com/company/axa
140,140,140,140,MATMUT,430156802,Not in Pipe,https://www.matmut.fr/,False,https://fr.linkedin.com/company/matmut
141,141,141,141,GENERALI,510112352,Not in Pipe,https://www.generali.fr/,False,https://fr.linkedin.com/company/generali
142,142,142,142,ASSURA,397907122,Not in Pipe,http://fr.assura.ch/,False,https://fr.linkedin.com/company/assura-group-ltd
143,143,143,143,SOS PARE-BRISE,823146949,Not in Pipe,https://www.sosparebriseplus.fr/,False,https://fr.linkedin.com/company/sos-pare-brise-plus
144,144,144,144,GAN ASSURANCES,382427334,Not in Pipe,https://www.gan.fr/espace-client/premiere-connexion,False,https://fr.linkedin.com/company/gan
145,145,145,145,ADELAÏDE GROUP,753740745,Not in Pipe,https://www.adelaidegroup.fr/,False,https://fr.linkedin.com/company/adelaidegroup
146,146,146,146,HDI GLOBAL SE,478913882,Not in Pipe,https://www.hdi.global/fr/fr/about-us/about-us,False,https://fr.linkedin.com/company/hdiglobal-se
147,147,147,147,GARANCE,845361880,Not in Pipe,http://www.garance-mutuelle.fr/,False,https://www.linkedin.com/company/mnra
148,148,148,148,GROUPE POMONA,852267673,Not in Pipe,https://www.groupe-pomona.fr/,False,https://www.linkedin.com/company/pomona
149,149,149,149,APRIL ENTREPRISE,950398131,Not in Pipe,https://april-entreprise.fr/,False,https://fr.linkedin.com/company/april-entreprise
150,150,150,150,GROUPE VYV,532661832,In Pipe,https://www.groupe-vyv.fr/,False,https://fr.linkedin.com/company/groupe-vyv
151,151,151,151,CELSIDE INSURANCE,847926516,Not in Pipe,https://www.celside.com/fr-be/,False,https://fr.linkedin.com/company/celside-insurance
152,152,152,152,GRAS SAVOYE,311248637,In Pipe,https://espace-client.grassavoye.com/,False,https://fr.linkedin.com/company/gras-savoye
153,153,153,153,GRAS SAVOYE,311248637,In Pipe,https://espace-client.grassavoye.com/,False,https://fr.linkedin.com/company/gras-savoye
154,154,154,154,AGIRC-ARRCO,302927439,Not in Pipe,http://www.agirc-arrco.fr/ressources-documentaires/internet-utile/,False,https://fr.linkedin.com/company/agirc-arrco
155,155,155,155,AXA,799754072,Not in Pipe,https://www.axa.fr/,False,https://fr.linkedin.com/company/axa
156,156,156,156,LA FRANCE MUTUALISTE,335043147,Not in Pipe,https://www.la-france-mutualiste.fr/,False,https://fr.linkedin.com/company/la-france-mutualiste
157,157,157,157,ASSURANCE MALADIE DE ROUBAIX-TOURCOING,514993518,Not in Pipe,https://lannuaire.service-public.fr/hauts-de-france/nord/cpam-59512-01,False,https://fr.linkedin.com/company/cpam-roubaix-tourcoing
158,158,158,158,MONCEAU ASSURANCES,555850411,Not in Pipe,https://www.monceauassurances.com/,False,https://fr.linkedin.com/company/monceau-assurances
159,159,159,159,SFAM,380866822,Not in Pipe,https://sfam.eu/fr-fr/,False,https://www.linkedin.com/company/sfam-assurances
160,160,160,160,FONDS DE GARANTIE  FGAO/FGTI,379155468,Not in Pipe,https://www.fondsdegarantie.fr/,False,https://fr.linkedin.com/company/fonds-de-garantie-fgao-fgti
161,161,161,161,GROUPE HENNER,332376292,Not in Pipe,http://www.henner.com/private/fr,False,https://fr.linkedin.com/company/groupe-henner
162,162,162,162,COVEA,843198433,Not in Pipe,https://www.covea.eu/fr/actualites/nos-articles/covea-finance-devoile-son-nouveau-site-internet,False,https://www.linkedin.com/company/groupecovea
163,163,163,163,AUDIENS,884651795,Not in Pipe,https://www.audiens.org/,False,https://fr.linkedin.com/company/audienscdp
164,164,164,164,BPCE VIE,349004341,Not in Pipe,https://www.assurances.natixis.com/jcms/rqczq_6803/bpce-vie,False,https://fr.linkedin.com/company/bpce-vie
165,165,165,165,NEHS ET MNH,851108076,Not in Pipe,https://www.mnh.fr/files/live/sites/iMNH/files/Presse/2020-05-06-CP%20nehs%20MNH%20INITIATIVES%20Covid-19.pdf,False,https://fr.linkedin.com/company/mutuelle-nationale-des-hospitaliers
166,166,166,166,CNP ASSURANCES,341737062,In Pipe,erreur,False,https://www.linkedin.com/company/cnp
167,167,167,167,COFACE,851127142,Not in Pipe,https://www.coface.fr/,False,https://www.linkedin.com/company/coface
168,168,168,168,ATHENA SURGELES,500040563,Not in Pipe,erreur,False,https://fr.linkedin.com/company/thirriet-surgel%C3%A9s
169,169,169,169,CNIEL,333158723,In Pipe,https://www.cnil.fr/,False,https://fr.linkedin.com/company/cniel
170,170,170,170,GROUPE AGRICA,494871551,Not in Pipe,https://www.groupagrica.com/,False,https://www.linkedin.com/company/groupe--agrica
171,171,171,171,GROUPE ROEDERER,434522488,Not in Pipe,https://www.roederer.fr/fr,False,https://fr.linkedin.com/company/roederer
172,172,172,172,VERSPIEREN,321502049,In Pipe,https://www.verspieren.com/fr,False,https://fr.linkedin.com/company/verspieren
173,173,173,173,ADIS,877601716,Not in Pipe,http://www.gie-adis.fr/,False,https://fr.linkedin.com/company/adis-assurances
174,174,174,174,AON,814036802,In Pipe,https://www.aon.com/france/default.jsp,False,https://fr.linkedin.com/company/aon
175,175,175,175,IPSEC PREVOYANCE,424972776,Not in Pipe,https://www.ipsecprev.fr/,False,https://fr.linkedin.com/company/ipsec-pr-voyance
176,176,176,176,LA MGP - LA MUTUELLE DES FORCES DE SECURITE,309404531,Not in Pipe,https://www.mgp.fr/home.html,False,https://fr.linkedin.com/company/la-mgp-la-mutuelle-des-forces-de-s%C3%A9curit%C3%A9
177,177,177,177,SOFITECH,432709582,Not in Pipe,http://sofitech.pro/web/FR/DOMAINE-ACTIVITE.php,False,https://fr.linkedin.com/company/sofitech
178,178,178,178,GAN ASSURANCES,382427334,Not in Pipe,https://www.gan.fr/espace-client/premiere-connexion,False,https://fr.linkedin.com/company/gan
179,179,179,179,APRIA RSA,804064475,Not in Pipe,https://agentexterne.rc.apriarsa.fr/assureurg/action/assureur/autrc,False,https://www.linkedin.com/company/apria-rsa
180,180,180,180,MUTUELLE NATIONALE DES HOSPITALIERS,785308453,Not in Pipe,https://www.mnh.fr/,False,https://www.linkedin.com/company/mutuelle-nationale-des-hospitaliers
181,181,181,181,BESSE,341240596,Not in Pipe,https://mairiedebesse.com/,False,https://fr.linkedin.com/company/besse
182,182,182,182,MUTUELLES DE VENDEE,786448092,Not in Pipe,erreur,False,https://www.linkedin.com/company/vm-experts-partenaires/
183,183,183,183,ACTA ASSISTANCE,851243766,Not in Pipe,https://www.acta-assistance.com/,False,https://www.linkedin.com/company/acta-assistance
184,184,184,184,GROUPE APICIL,789861143,Not in Pipe,https://www.groupe-apicil.com/,False,https://www.linkedin.com/company/apicil
185,185,185,185,UNIPREVOYANCE,error,In Pipe,http://uniprevoyance.fr/,False,https://fr.linkedin.com/company/uniprevoyance
186,186,186,186,GFP (GESTION FORMATION PREVOYANCE),830268827,Not in Pipe,https://www.gfpfrance.com/,False,https://fr.linkedin.com/company/gfpfrance
187,187,187,187,FM GLOBAL,504806191,Not in Pipe,https://www.fmglobal.fr/,False,https://fr.linkedin.com/company/fm-global
188,188,188,188,AGIRC-ARRCO,302927439,Not in Pipe,http://www.agirc-arrco.fr/,False,https://fr.linkedin.com/company/agirc-arrco
189,189,189,189,MUTUELLE JUST,783864150,In Pipe,https://www.just.fr/,False,https://www.linkedin.com/company/mutuelle-just
190,190,190,190,EDOX SAS,432448827,Not in Pipe,https://www.edox.com/,False,https://fr.linkedin.com/company/edox-sas
191,191,191,191,KOHLER ASSURANCES,351045919,Not in Pipe,https://www.kohler.francecourtage.fr/mentions-legales/,False,https://fr.linkedin.com/company/kohler-assurances
192,192,192,192,IXI EXPERTISES GREGORI,444287684,Not in Pipe,https://ixi-groupe.com/,False,erreur
193,193,193,193,GROUPE ASSU 2000,501542336,Not in Pipe,https://www.groupeassu2000.fr/,False,https://fr.linkedin.com/company/groupe-assu-2000
194,194,194,194,UNION MUTUALISTE RETRAITE,442294856,In Pipe,https://umr-retraite.fr/,False,https://fr.linkedin.com/company/union-mutualiste-retraite-umr
195,195,195,195,MGP (MUTUELLE GENERALE DE LA POLICE),775671894,In Pipe,erreur,False,https://fr.linkedin.com/company/la-mgp-la-mutuelle-des-forces-de-s%C3%A9curit%C3%A9
196,196,196,196,MGEN,839162922,Not in Pipe,http://www.mgen.fr/,False,https://fr.linkedin.com/company/mgen
197,197,197,197,MGP (MUTUELLE GENERALE DE LA POLICE),775671894,In Pipe,erreur,False,https://fr.linkedin.com/company/la-mgp-la-mutuelle-des-forces-de-s%C3%A9curit%C3%A9
198,198,198,198,GROUPAMA,315213751,Not in Pipe,https://www.groupama.fr/,False,https://fr.linkedin.com/company/groupama
199,199,199,199,MMA ASSURANCES,555850411,Not in Pipe,https://www.mma.fr/,False,https://fr.linkedin.com/company/mma-insurance
200,200,200,200,SAINT-CHRISTOPHE ASSURANCES,555850411,Not in Pipe,https://www.saint-christophe-assurances.fr/,False,https://fr.linkedin.com/company/saint-christophe-assurances
201,201,201,201,SWISS LIFE FRANCE,441475951,Not in Pipe,https://swisslife.fr/,False,https://fr.linkedin.com/company/swiss-life-france
202,202,202,202,BCA EXPERTISE,775723596,Not in Pipe,https://www.bca.fr/,False,https://fr.linkedin.com/company/bca-expertise
203,203,203,203,ASSURANCES ET MUTUELLES DU SUD,539925016,Not in Pipe,https://www.societe.com/societe/assurances-et-mutuelles-du-sud-539925016.html,True,https://fr.linkedin.com/company/assurances-et-mutuelles-du-sud
204,204,204,204,ETHIAS,523746360,Not in Pipe,https://www.ethias.be/content/campaigns/ethias-campaigns/fr/lp-choix-ib.html?amc_icid=ethias_fr_homepage_btn-keyproduct_lp-choix-ib,False,https://fr.linkedin.com/company/ethias-s.a.
205,205,205,205,GROUPE IRCEM,430206581,Not in Pipe,https://www.ircem.com/,False,https://fr.linkedin.com/company/groupe-ircem
206,206,206,206,KLESIA,822768941,Not in Pipe,https://www.klesia.fr/,False,https://fr.linkedin.com/company/klesia
207,207,207,207,DARVA,437698632,Not in Pipe,http://www.darva.com/,False,https://fr.linkedin.com/company/corporatespecialrisks
208,208,208,208,FONDS DE GARANTIE  FGAO/FGTI,379155468,Not in Pipe,https://www.fondsdegarantie.fr/,False,https://fr.linkedin.com/company/fonds-de-garantie-fgao-fgti
209,209,209,209,MBA MUTUELLE,800820029,Not in Pipe,https://www.mbamutuelle.com/,False,https://fr.linkedin.com/company/mba-mutuelle
210,210,210,210,THELEM ASSURANCES,494107014,Not in Pipe,https://www.thelem-assurances.fr/,False,https://fr.linkedin.com/company/thelem-assurances
211,211,211,211,REUNICA,394816508,Not in Pipe,http://www.reunica.com/,False,https://fr.linkedin.com/company/reunica
212,212,212,212,ACC,845021179,Not in Pipe,https://www.a-c-c.fr/,False,https://fr.linkedin.com/company/acc83
213,213,213,213,DUROC & CO,841913411,Not in Pipe,https://www.duroc.ma/en/,False,https://co.linkedin.com/company/duroc-sa
214,214,214,214,GAN PATRIMOINE,457504694,In Pipe,https://www.ganpatrimoine.fr/,False,https://fr.linkedin.com/company/gan-patrimoine-groupama-group-
215,215,215,215,MUTUELLE UNEO,509535563,Not in Pipe,https://www.groupe-uneo.fr/,False,https://fr.linkedin.com/company/mutuelleuneo
216,216,216,216,AIG,482538675,Not in Pipe,http://www.aig.fr/fr/,False,https://fr.linkedin.com/company/aig
217,217,217,217,ACC,845021179,Not in Pipe,https://www.a-c-c.fr/,False,https://fr.linkedin.com/company/audit-conseil-comptabilit%C3%A9-acc
218,218,218,218,MUTEX OFFICIEL,382920312,Not in Pipe,https://www.mutex.fr/,False,https://fr.linkedin.com/company/mutex-officiel
219,219,219,219,ACS SOLU,881897607,Not in Pipe,https://www.ameli.fr/assure/droits-demarches/difficultes-acces-droits-soins/complementaire-sante/complementaire-sante-solidaire-qui-peut-en-beneficier-et-comment,False,https://fr.linkedin.com/company/btn-solu-es
220,220,220,220,AMELLIS MUTUELLES,775597768,Not in Pipe,https://amellis.fr/,False,https://fr.linkedin.com/company/amellis-mutuelles
221,221,221,221,APRIL ASSISTANCE,429133580,Not in Pipe,https://www.april.fr/,False,https://fr.linkedin.com/company/april-assurances
222,222,222,222,CAT EVM,843660416,Not in Pipe,https://www.cat.com/fr_FR.html,False,https://www.linkedin.com/company/ethereum-cat-herders
223,223,223,223,DIOT CREDIT,393225214,In Pipe,https://www.diot-credit.com/,False,https://www.linkedin.com/company/diotcredit
224,224,224,224,GROUPE NOVAMUT,389113143,Not in Pipe,https://www.novamut.fr/,False,https://fr.linkedin.com/company/groupe-novamut
225,225,225,225,MUTANT MEDIA,850480203,Not in Pipe,https://mutantgenemedia.com/,False,https://fr.linkedin.com/company/mutant-media
226,226,226,226,GROUPE CET,750190399,Not in Pipe,https://www.groupecet.com/accueil-cet-construction,False,https://fr.linkedin.com/company/groupe-cet
227,227,227,227,INTER MUTUELLES ASSISTANCE - IMA,433240991,In Pipe,http://www.ima.eu/fr/index.php,False,https://fr.linkedin.com/company/inter-mutuelles-assistance_2
228,228,228,228,LES MUTUELLES DU SOLEIL,782649883,Not in Pipe,https://www.mutuellesdusoleil.fr/,False,https://www.linkedin.com/company/mutuelles-du-soleil
229,229,229,229,APREVA MUTUELLE,800820029,Not in Pipe,https://www.apreva.fr/,False,https://fr.linkedin.com/company/aesiomutuelle
230,230,230,230,PROBTP,853009686,Not in Pipe,https://www.probtp.com/,False,https://fr.linkedin.com/company/pro-btp-groupe
231,231,231,231,AXA EN FRANCE,771800042,Not in Pipe,https://www.axa.fr/,False,https://fr.linkedin.com/company/axa-france
232,232,232,232,EULER HERMES FRANCE,799376264,Not in Pipe,https://www.eulerhermes.fr/,False,https://fr.linkedin.com/company/euler-hermes-france
233,233,233,233,GOOGLA,error,In Pipe,erreur,False,https://fr.linkedin.com/company/googla
234,234,234,234,MAIF,844907949,Not in Pipe,https://www.maif.fr/,False,https://www.linkedin.com/company/maif
235,235,235,235,MUTUALITE FRANÇAISE,853152882,Not in Pipe,erreur,False,https://fr.linkedin.com/company/mutualite-francaise
236,236,236,236,RIBEIRO,843702895,Not in Pipe,https://www.ribeiro.fr/,False,https://fr.linkedin.com/company/minicuotasribeiro
237,237,237,237,GROUPE AUDIENS,448323758,Not in Pipe,https://www.audiens.org/accueil.html,False,https://www.linkedin.com/company/audiens
238,238,238,238,CARAC MUTUELLE D'EPARGNE ET DE RETRAITE,326592268,Not in Pipe,https://www.carac.fr/,False,https://fr.linkedin.com/company/mutuelle-epargne-retraite-prevoyance-carac
239,239,239,239,MUTUELLE DE FRANCE PLUS,782814818,Not in Pipe,https://www.francemutuelle.fr/particuliers/mutuelle-plus-quun-mot/activer-mon-compte/,False,https://fr.linkedin.com/company/solimut-mutuelle-de-france
240,240,240,240,PROTECT SA,847765906,Not in Pipe,https://www.commentcamarche.net/contents/279-proteger-son-site-internet-contre-les-contrefacons,False,https://fr.linkedin.com/company/protect-service-sa
241,241,241,241,APICIL LIFE S.A,538611286,Not in Pipe,https://www.groupe-apicil.com/nous-connaitre/organisation/apicil-life/,False,https://www.linkedin.com/company/apicil/life
242,242,242,242,LA REUNION AERIENNE,703002352,Not in Pipe,erreur,False,https://fr.linkedin.com/company/la-reunion-aerienne
243,243,243,243,GEOCOSM,error,In Pipe,https://fr.kompass.com/c/geocosm-sa/ch845892/,True,https://www.linkedin.com/company/grable-services-llc
244,244,244,244,DARVA,437698632,Not in Pipe,http://www.darva.com/,False,https://fr.linkedin.com/company/corporatespecialrisks
245,245,245,245,MSA DU VAR,782649883,Not in Pipe,https://provenceazur.msa.fr/,False,https://fr.linkedin.com/company/msa-du-var
246,246,246,246,SPB SERVICES,849951421,Not in Pipe,https://rueducommerce.spb-services.eu/mentions_legales,False,https://fr.linkedin.com/company/spb-services-limited
247,247,247,247,MACIF,781452511,Not in Pipe,https://www.macif.fr/assurance/particuliers,False,https://fr.linkedin.com/company/macif
